municipio_cvegeo,nombre,total_camas
1001,Aguascalientes,1271
1002,Asientos,0
1003,Calvillo,46
1004,Cosío,0
1005,Jesús María,297
1006,Pabellón de Arteaga,40
1007,Rincón de Romos,45
1008,San José de Gracia,0
1009,Tepezalá,0
1010,El Llano,0
1011,San Francisco de los Romo,0
2001,Ensenada,523
2002,Mexicali,1176
2003,Tecate,122
2004,Tijuana,2257
2005,Playas de Rosarito,64
3001,Comondú,142
3002,Mulegé,49
3003,La Paz,726
3008,Los Cabos,325
3009,Loreto,26
4001,Calkiní,27
4002,Campeche,652
4003,Carmen,285
4004,Champotón,33
4005,Hecelchakán,10
4006,Hopelchén,28
4007,Palizada,26
4008,Tenabo,0
4009,Escárcega,49
4010,Calakmul,19
4011,Candelaria,52
5001,Abasolo,0
5002,Acuña,134
5003,Allende,46
5004,Arteaga,0
5005,Candela,0
5006,Castaños,0
5007,Cuatro Ciénegas,30
5008,Escobedo,0
5009,Francisco I. Madero,50
5010,Frontera,0
5011,General Cepeda,0
5012,Guerrero,0
5013,Hidalgo,0
5014,Jiménez,0
5015,Juárez,0
5016,Lamadrid,0
5017,Matamoros,53
5018,Monclova,339
5019,Morelos,0
5020,Múzquiz,81
5021,Nadadores,0
5022,Nava,0
5023,Ocampo,0
5024,Parras,118
5025,Piedras Negras,244
5026,Progreso,0
5027,Ramos Arizpe,12
5028,Sabinas,45
5029,Sacramento,0
5030,Saltillo,847
5031,San Buenaventura,12
5032,San Juan de Sabinas,144
5033,San Pedro,106
5034,Sierra Mojada,0
5035,Torreón,1264
5036,Viesca,0
5037,Villa Unión,0
5038,Zaragoza,0
6001,Armería,0
6002,Colima,398
6003,Comala,0
6004,Coquimatlán,0
6005,Cuauhtémoc,0
6006,Ixtlahuacán,53
6007,Manzanillo,267
6008,Minatitlán,0
6009,Tecomán,108
6010,Villa de Álvarez,342
7001,Acacoyagua,0
7002,Acala,23
7003,Acapetahua,0
7004,Altamirano,76
7005,Amatán,0
7006,Amatenango de la Frontera,0
7007,Amatenango del Valle,0
7008,Angel Albino Corzo,23
7009,Arriaga,33
7010,Bejucal de Ocampo,0
7011,Bella Vista,0
7012,Berriozábal,12
7013,Bochil,28
7014,El Bosque,0
7015,Cacahoatán,0
7016,Catazajá,0
7017,Cintalapa,12
7018,Coapilla,0
7019,Comitán de Domínguez,231
7020,La Concordia,0
7021,Copainalá,0
7022,Chalchihuitán,11
7023,Chamula,10
7024,Chanal,0
7025,Chapultenango,0
7026,Chenalhó,0
7027,Chiapa de Corzo,17
7028,Chiapilla,0
7029,Chicoasén,0
7030,Chicomuselo,0
7031,Chilón,0
7032,Escuintla,0
7033,Francisco León,0
7034,Frontera Comalapa,41
7035,Frontera Hidalgo,0
7036,La Grandeza,0
7037,Huehuetán,0
7038,Huixtán,0
7039,Huitiupán,0
7040,Huixtla,43
7041,La Independencia,0
7042,Ixhuatán,0
7043,Ixtacomitán,0
7044,Ixtapa,0
7045,Ixtapangajoya,0
7046,Jiquipilas,0
7047,Jitotol,0
7048,Juárez,0
7049,Larráinzar,19
7050,La Libertad,0
7051,Mapastepec,42
7052,Las Margaritas,25
7053,Mazapa de Madero,0
7054,Mazatán,0
7055,Metapa,0
7056,Mitontic,0
7057,Motozintla,46
7058,Nicolás Ruíz,0
7059,Ocosingo,95
7060,Ocotepec,0
7061,Ocozocoautla de Espinosa,47
7062,Ostuacán,12
7063,Osumacinta,0
7064,Oxchuc,17
7065,Palenque,64
7066,Pantelhó,0
7067,Pantepec,0
7068,Pichucalco,60
7069,Pijijiapan,49
7070,El Porvenir,13
7071,Villa Comaltitlán,0
7072,Pueblo Nuevo Solistahuacán,0
7073,Rayón,0
7074,Reforma,50
7075,Las Rosas,17
7076,Sabanilla,0
7077,Salto de Agua,17
7078,San Cristóbal de las Casas,218
7079,San Fernando,0
7080,Siltepec,0
7081,Simojovel,16
7082,Sitalá,0
7083,Socoltenango,0
7084,Solosuchiapa,0
7085,Soyaló,0
7086,Suchiapa,7
7087,Suchiate,2
7088,Sunuapa,0
7089,Tapachula,701
7090,Tapalapa,0
7091,Tapilula,13
7092,Tecpatán,0
7093,Tenejapa,0
7094,Teopisca,12
7096,Tila,28
7097,Tonalá,44
7098,Totolapa,0
7099,La Trinitaria,0
7100,Tumbalá,0
7101,Tuxtla Gutiérrez,1143
7102,Tuxtla Chico,0
7103,Tuzantán,0
7104,Tzimol,0
7105,Unión Juárez,0
7106,Venustiano Carranza,30
7107,Villa Corzo,32
7108,Villaflores,149
7109,Yajalón,84
7110,San Lucas,0
7111,Zinacantán,0
7112,San Juan Cancuc,0
7113,Aldama,0
7114,Benemérito de las Américas,16
7115,Maravilla Tenejapa,0
7116,Marqués de Comillas,0
7117,Montecristo de Guerrero,0
7118,San Andrés Duraznal,0
7119,Santiago el Pinar,0
8001,Ahumada,0
8002,Aldama,6
8003,Allende,10
8004,Aquiles Serdán,0
8005,Ascensión,0
8006,Bachíniva,0
8007,Balleza,0
8008,Batopilas,0
8009,Bocoyna,35
8010,Buenaventura,0
8011,Camargo,93
8012,Carichí,0
8013,Casas Grandes,0
8014,Coronado,0
8015,Coyame del Sotol,0
8016,La Cruz,0
8017,Cuauhtémoc,273
8018,Cusihuiriachi,0
8019,Chihuahua,1635
8020,Chínipas,0
8021,Delicias,267
8022,Dr. Belisario Domínguez,0
8023,Galeana,0
8024,Santa Isabel,0
8025,Gómez Farías,31
8026,Gran Morelos,0
8027,Guachochi,27
8028,Guadalupe,0
8029,Guadalupe y Calvo,48
8030,Guazapares,0
8031,Guerrero,4
8032,Hidalgo del Parral,285
8033,Huejotitán,0
8034,Ignacio Zaragoza,0
8035,Janos,0
8036,Jiménez,37
8037,Juárez,2098
8038,Julimes,0
8039,López,0
8040,Madera,0
8041,Maguarichi,0
8042,Manuel Benavides,0
8043,Matachí,0
8044,Matamoros,0
8045,Meoqui,0
8046,Morelos,0
8047,Moris,0
8048,Namiquipa,22
8049,Nonoava,0
8050,Nuevo Casas Grandes,151
8051,Ocampo,0
8052,Ojinaga,31
8053,Praxedis G. Guerrero,0
8054,Riva Palacio,2
8055,Rosales,0
8056,Rosario,0
8057,San Francisco de Borja,0
8058,San Francisco de Conchos,0
8059,San Francisco del Oro,0
8060,Santa Bárbara,0
8061,Satevó,0
8062,Saucillo,14
8063,Temósachic,0
8064,El Tule,0
8065,Urique,0
8066,Uruachi,0
8067,Valle de Zaragoza,0
9002,Azcapotzalco,1926
9003,Coyoacï¿½n,1286
9004,Cuajimalpa de Morelos,59
9005,Gustavo A. Madero,2860
9006,Iztacalco,647
9007,Iztapalapa,2126
9008,La Magdalena Contreras,71
9009,Milpa Alta,168
9010,ï¿½lvaro Obregï¿½n,1993
9011,Tlï¿½huac,520
9012,Tlalpan,2713
9013,Xochimilco,225
9014,Benito Juï¿½rez,1664
9015,Cuauhtï¿½moc,4124
9016,Miguel Hidalgo,2834
9017,Venustiano Carranza,687
10001,Canatlán,29
10002,Canelas,0
10003,Coneto de Comonfort,0
10004,Cuencamé,52
10005,Durango,1224
10006,General Simón Bolívar,8
10007,Gómez Palacio,412
10008,Guadalupe Victoria,12
10009,Guanaceví,0
10010,Hidalgo,0
10011,Indé,0
10012,Lerdo,108
10013,Mapimí,8
10014,Mezquital,44
10015,Nazas,8
10016,Nombre de Dios,0
10017,Ocampo,9
10018,El Oro,30
10019,Otáez,0
10020,Pánuco de Coronado,9
10021,Peñón Blanco,8
10022,Poanas,15
10023,Pueblo Nuevo,38
10024,Rodeo,11
10025,San Bernardo,0
10026,San Dimas,0
10027,San Juan de Guadalupe,0
10028,San Juan del Río,9
10029,San Luis del Cordero,0
10030,San Pedro del Gallo,0
10031,Santa Clara,0
10032,Santiago Papasquiaro,67
10033,Súchil,12
10034,Tamazula,23
10035,Tepehuanes,0
10036,Tlahualilo,0
10037,Topia,0
10038,Vicente Guerrero,16
10039,Nuevo Ideal,15
11001,Abasolo,43
11002,Acámbaro,86
11003,San Miguel de Allende,102
11004,Apaseo el Alto,29
11005,Apaseo el Grande,18
11006,Atarjea,0
11007,Celaya,658
11008,Manuel Doblado,22
11009,Comonfort,33
11010,Coroneo,0
11011,Cortazar,11
11012,Cuerámaro,0
11013,Doctor Mora,3
11014,Dolores Hidalgo Cuna de la Independencia Nacional,110
11015,Guanajuato,134
11016,Huanímaro,23
11017,Irapuato,499
11018,Jaral del Progreso,36
11019,Jerécuaro,18
11020,León,2494
11021,Moroleón,47
11022,Ocampo,0
11023,Pénjamo,53
11024,Pueblo Nuevo,12
11025,Purísima del Rincón,28
11026,Romita,17
11027,Salamanca,171
11028,Salvatierra,60
11029,San Diego de la Unión,9
11030,San Felipe,26
11031,San Francisco del Rincón,38
11032,San José Iturbide,49
11033,San Luis de la Paz,88
11034,Santa Catarina,0
11035,Santa Cruz de Juventino Rosas,19
11036,Santiago Maravatío,0
11037,Silao,81
11038,Tarandacuao,10
11039,Tarimoro,18
11040,Tierra Blanca,0
11041,Uriangato,66
11042,Valle de Santiago,66
11043,Victoria,0
11044,Villagrán,20
11045,Xichú,0
11046,Yuriria,30
12001,Acapulco de Juárez,1046
12002,Ahuacuotzingo,0
12003,Ajuchitlán del Progreso,0
12004,Alcozauca de Guerrero,15
12005,Alpoyeca,0
12006,Apaxtla,0
12007,Arcelia,12
12008,Atenango del Río,0
12009,Atlamajalcingo del Monte,0
12010,Atlixtac,0
12011,Atoyac de Álvarez,30
12012,Ayutla de los Libres,36
12013,Azoyú,0
12014,Benito Juárez,0
12015,Buenavista de Cuéllar,0
12016,Coahuayutla de José María Izazaga,12
12017,Cocula,0
12018,Copala,2
12019,Copalillo,0
12020,Copanatoyac,0
12021,Coyuca de Benítez,11
12022,Coyuca de Catalán,147
12023,Cuajinicuilapa,12
12024,Cualác,0
12025,Cuautepec,0
12026,Cuetzala del Progreso,0
12027,Cutzamala de Pinzón,0
12028,Chilapa de Álvarez,46
12029,Chilpancingo de los Bravo,290
12030,Florencio Villarreal,0
12031,General Canuto A. Neri,0
12032,General Heliodoro Castillo,12
12033,Huamuxtitlán,7
12034,Huitzuco de los Figueroa,31
12035,Iguala de la Independencia,170
12036,Igualapa,0
12037,Ixcateopan de Cuauhtémoc,0
12038,Zihuatanejo de Azueta,103
12039,Juan R. Escudero,0
12040,Leonardo Bravo,15
12041,Malinaltepec,12
12042,Mártir de Cuilapan,0
12043,Metlatónoc,0
12044,Mochitlán,0
12045,Olinalá,12
12046,Ometepec,40
12047,Pedro Ascencio Alquisiras,0
12048,Petatlán,12
12049,Pilcaya,0
12050,Pungarabato,7
12051,Quechultenango,12
12052,San Luis Acatlán,12
12053,San Marcos,18
12054,San Miguel Totolapan,0
12055,Taxco de Alarcón,79
12056,Tecoanapa,0
12057,Técpan de Galeana,12
12058,Teloloapan,20
12059,Tepecoacuilco de Trujano,10
12060,Tetipac,0
12061,Tixtla de Guerrero,12
12062,Tlacoachistlahuaca,0
12063,Tlacoapa,12
12064,Tlalchapa,0
12065,Tlalixtaquilla de Maldonado,0
12066,Tlapa de Comonfort,82
12067,Tlapehuala,0
12068,La Unión de Isidoro Montes de Oca,30
12069,Xalpatláhuac,0
12070,Xochihuehuetlán,9
12071,Xochistlahuaca,10
12072,Zapotitlán Tablas,20
12073,Zirándaro,0
12074,Zitlala,0
12075,Eduardo Neri,203
12076,Acatepec,12
12077,Marquelia,0
12078,Cochoapa el Grande,0
12079,José Joaquin de Herrera,0
12080,Juchitán,0
12081,Iliatenco,0
13001,Acatlán,2
13002,Acaxochitlán,3
13003,Actopan,118
13004,Agua Blanca de Iturbide,0
13005,Ajacuba,0
13006,Alfajayucan,0
13007,Almoloya,0
13008,Apan,95
13009,El Arenal,0
13010,Atitalaquia,6
13011,Atlapexco,22
13012,Atotonilco el Grande,4
13013,Atotonilco de Tula,9
13014,Calnali,0
13015,Cardonal,0
13016,Cuautepec de Hinojosa,28
13017,Chapantongo,0
13018,Chapulhuacán,0
13019,Chilcuautla,7
13020,Eloxochitlán,0
13021,Emiliano Zapata,0
13022,Epazoyucan,0
13023,Francisco I. Madero,14
13024,Huasca de Ocampo,9
13025,Huautla,0
13026,Huazalingo,0
13027,Huehuetla,16
13028,Huejutla de Reyes,195
13029,Huichapan,49
13030,Ixmiquilpan,198
13031,Jacala de Ledezma,26
13032,Jaltocán,0
13033,Juárez Hidalgo,0
13034,Lolotla,0
13035,Metepec,55
13036,San Agustín Metzquititlán,0
13037,Metztitlán,3
13038,Mineral del Chico,0
13039,Mineral del Monte,0
13040,La Misión,0
13041,Mixquiahuala de Juárez,60
13042,Molango de Escamilla,0
13043,Nicolás Flores,0
13044,Nopala de Villagrán,3
13045,Omitlán de Juárez,0
13046,San Felipe Orizatlán,3
13047,Pacula,0
13048,Pachuca de Soto,790
13049,Pisaflores,0
13050,Progreso de Obregón,31
13051,Mineral de la Reforma,20
13052,San Agustín Tlaxiaca,9
13053,San Bartolo Tutotepec,23
13054,San Salvador,0
13055,Santiago de Anaya,6
13056,Santiago Tulantepec de Lugo Guerrero,149
13057,Singuilucan,0
13058,Tasquillo,5
13059,Tecozautla,6
13060,Tenango de Doria,0
13061,Tepeapulco,67
13062,Tepehuacán de Guerrero,8
13063,Tepeji del Río de Ocampo,47
13064,Tepetitlán,5
13065,Tetepango,3
13066,Villa de Tezontepec,1
13067,Tezontepec de Aldama,11
13068,Tianguistengo,0
13069,Tizayuca,93
13070,Tlahuelilpan,6
13071,Tlahuiltepa,0
13072,Tlanalapa,0
13073,Tlanchinol,28
13074,Tlaxcoapan,30
13075,Tolcayuca,157
13076,Tula de Allende,240
13077,Tulancingo de Bravo,281
13078,Xochiatipan,0
13079,Xochicoatlán,0
13080,Yahualica,0
13081,Zacualtipán de Ángeles,73
13082,Zapotlán de Juárez,44
13083,Zempoala,0
13084,Zimapán,16
14001,Acatic,4
14002,Acatlán de Juárez,0
14003,Ahualulco de Mercado,0
14004,Amacueca,0
14005,Amatitán,0
14006,Ameca,31
14007,San Juanito de Escobedo,0
14008,Arandas,101
14009,El Arenal,0
14010,Atemajac de Brizuela,0
14011,Atengo,0
14012,Atenguillo,0
14013,Atotonilco el Alto,41
14014,Atoyac,0
14015,Autlán de Navarro,95
14016,Ayotlán,0
14017,Ayutla,0
14018,La Barca,105
14019,Bolaños,0
14020,Cabo Corrientes,0
14021,Casimiro Castillo,6
14022,Cihuatlán,21
14023,Zapotlán el Grande,228
14024,Cocula,42
14025,Colotlán,44
14026,Concepción de Buenos Aires,0
14027,Cuautitlán de García Barragán,0
14028,Cuautla,0
14029,Cuquío,0
14030,Chapala,15
14031,Chimaltitán,0
14032,Chiquilistlán,0
14033,Degollado,7
14034,Ejutla,0
14035,Encarnación de Díaz,17
14036,Etzatlán,0
14037,El Grullo,26
14038,Guachinango,0
14039,Guadalajara,5548
14040,Hostotipaquillo,0
14041,Huejúcar,0
14042,Huejuquilla el Alto,12
14043,La Huerta,21
14044,Ixtlahuacán de los Membrillos,0
14045,Ixtlahuacán del Río,5
14046,Jalostotitlán,23
14047,Jamay,0
14048,Jesús María,0
14049,Jilotlán de los Dolores,0
14050,Jocotepec,39
14051,Juanacatlán,0
14052,Juchitlán,0
14053,Lagos de Moreno,136
14054,El Limón,0
14055,Magdalena,30
14056,Santa María del Oro,0
14057,La Manzanilla de la Paz,0
14058,Mascota,16
14059,Mazamitla,12
14060,Mexticacán,0
14061,Mezquitic,0
14062,Mixtlán,0
14063,Ocotlán,142
14064,Ojuelos de Jalisco,19
14065,Pihuamo,0
14066,Poncitlán,0
14067,Puerto Vallarta,266
14068,Villa Purificación,0
14069,Quitupan,0
14070,El Salto,11
14071,San Cristóbal de la Barranca,0
14072,San Diego de Alejandría,0
14073,San Juan de los Lagos,47
14074,San Julián,0
14075,San Marcos,0
14076,San Martín de Bolaños,0
14077,San Martín Hidalgo,0
14078,San Miguel el Alto,20
14079,Gómez Farías,0
14080,San Sebastián del Oeste,0
14081,Santa María de los Ángeles,0
14082,Sayula,30
14083,Tala,92
14084,Talpa de Allende,0
14085,Tamazula de Gordiano,56
14086,Tapalpa,0
14087,Tecalitlán,0
14088,Tecolotlán,0
14089,Techaluta de Montenegro,0
14090,Tenamaxtlán,0
14091,Teocaltiche,28
14092,Teocuitatlán de Corona,0
14093,Tepatitlán de Morelos,249
14094,Tequila,0
14095,Teuchitlán,0
14096,Tizapán el Alto,9
14097,Tlajomulco de Zúñiga,635
14098,Tlaquepaque,33
14099,Tolimán,0
14100,Tomatlán,16
14101,Tonalá,28
14102,Tonaya,0
14103,Tonila,0
14104,Totatiche,0
14105,Tototlán,2
14106,Tuxcacuesco,0
14107,Tuxcueca,0
14108,Tuxpan,4
14109,Unión de San Antonio,0
14110,Unión de Tula,0
14111,Valle de Guadalupe,0
14112,Valle de Juárez,4
14113,San Gabriel,0
14114,Villa Corona,13
14115,Villa Guerrero,0
14116,Villa Hidalgo,15
14117,Cañadas de Obregón,0
14118,Yahualica de González Gallo,61
14119,Zacoalco de Torres,0
14120,Zapopan,995
14121,Zapotiltic,9
14122,Zapotitlán de Vadillo,0
14123,Zapotlán del Rey,0
14124,Zapotlanejo,39
14125,San Ignacio Cerro Gordo,3
15001,Acambay,28
15002,Acolman,825
15003,Aculco,0
15004,Almoloya de Alquisiras,0
15005,Almoloya de Juárez,0
15006,Almoloya del Río,0
15007,Amanalco,11
15008,Amatepec,0
15009,Amecameca,131
15010,Apaxco,0
15011,Atenco,6
15012,Atizapán,20
15013,Atizapán de Zaragoza,317
15014,Atlacomulco,155
15015,Atlautla,0
15016,Axapusco,98
15017,Ayapango,0
15018,Calimaya,0
15019,Capulhuac,14
15020,Coacalco de Berriozábal,179
15021,Coatepec Harinas,26
15022,Cocotitlán,0
15023,Coyotepec,0
15024,Cuautitlán,263
15025,Chalco,303
15026,Chapa de Mota,0
15027,Chapultepec,0
15028,Chiautla,0
15029,Chicoloapan,20
15030,Chiconcuac,35
15031,Chimalhuacán,278
15032,Donato Guerra,0
15033,Ecatepec de Morelos,1017
15034,Ecatzingo,0
15035,Huehuetoca,36
15036,Hueypoxtla,55
15037,Huixquilucan,241
15038,Isidro Fabela,0
15039,Ixtapaluca,700
15040,Ixtapan de la Sal,56
15041,Ixtapan del Oro,0
15042,Ixtlahuaca,51
15043,Xalatlaco,25
15044,Jaltenco,0
15045,Jilotepec,60
15046,Jilotzingo,0
15047,Jiquipilco,34
15048,Jocotitlán,0
15049,Joquicingo,0
15050,Juchitepec,0
15051,Lerma,93
15052,Malinalco,28
15053,Melchor Ocampo,0
15054,Metepec,405
15055,Mexicaltzingo,0
15056,Morelos,0
15057,Naucalpan de Juárez,938
15058,Nezahualcóyotl,586
15059,Nextlalpan,5
15060,Nicolás Romero,89
15061,Nopaltepec,0
15062,Ocoyoacac,0
15063,Ocuilan,0
15064,El Oro,17
15065,Otumba,40
15066,Otzoloapan,0
15067,Otzolotepec,12
15068,Ozumba,0
15069,Papalotla,0
15070,La Paz,226
15071,Polotitlán,0
15072,Rayón,22
15073,San Antonio la Isla,0
15074,San Felipe del Progreso,75
15075,San Martín de las Pirámides,6
15076,San Mateo Atenco,0
15077,San Simón de Guerrero,0
15078,Santo Tomás,0
15079,Soyaniquilpan de Juárez,0
15080,Sultepec,14
15081,Tecámac,282
15082,Tejupilco,130
15083,Temamatla,25
15084,Temascalapa,2
15085,Temascalcingo,24
15086,Temascaltepec,37
15087,Temoaya,28
15088,Tenancingo,128
15089,Tenango del Aire,0
15090,Tenango del Valle,24
15091,Teoloyucán,14
15092,Teotihuacán,18
15093,Tepetlaoxtoc,3
15094,Tepetlixpa,32
15095,Tepotzotlán,10
15096,Tequixquiac,0
15097,Texcaltitlán,21
15098,Texcalyacac,0
15099,Texcoco,423
15100,Tezoyuca,0
15101,Tianguistenco,0
15102,Timilpan,0
15103,Tlalmanalco,0
15104,Tlalnepantla de Baz,893
15105,Tlatlaya,29
15106,Toluca,1751
15107,Tonatico,0
15108,Tultepec,0
15109,Tultitlán,247
15110,Valle de Bravo,117
15111,Villa de Allende,0
15112,Villa del Carbón,37
15113,Villa Guerrero,16
15114,Villa Victoria,32
15115,Xonacatlán,36
15116,Zacazonapan,0
15117,Zacualpan,22
15118,Zinacantepec,7
15119,Zumpahuacán,0
15120,Zumpango,287
15121,Cuautitlán Izcalli,244
15122,Valle de Chalco Solidaridad,133
15123,Luvianos,23
15124,San José del Rincón,70
15125,Tonanitla,0
16001,Acuitzio,6
16002,Aguililla,0
16003,Álvaro Obregón,4
16004,Angamacutiro,12
16005,Angangueo,0
16006,Apatzingán,223
16007,Aporo,0
16008,Aquila,17
16009,Ario,58
16010,Arteaga,10
16011,Briseñas,0
16012,Buenavista,30
16013,Carácuaro,0
16014,Coahuayana,10
16015,Coalcomán de Vázquez Pallares,26
16016,Coeneo,10
16017,Contepec,0
16018,Copándaro,3
16019,Cotija,8
16020,Cuitzeo,8
16021,Charapan,0
16022,Charo,519
16023,Chavinda,0
16024,Cherán,12
16025,Chilchota,0
16026,Chinicuila,0
16027,Chucándiro,2
16028,Churintzio,1
16029,Churumuco,0
16030,Ecuandureo,0
16031,Epitacio Huerta,7
16032,Erongarícuaro,0
16033,Gabriel Zamora,0
16034,Hidalgo,119
16035,La Huacana,28
16036,Huandacareo,5
16037,Huaniqueo,5
16038,Huetamo,73
16039,Huiramba,0
16040,Indaparapeo,10
16041,Irimbo,4
16042,Ixtlán,0
16043,Jacona,14
16044,Jiménez,12
16045,Jiquilpan,30
16046,Juárez,0
16047,Jungapeo,0
16048,Lagunillas,3
16049,Madero,8
16050,Maravatío,82
16051,Marcos Castellanos,4
16052,Lázaro Cárdenas,241
16053,Morelia,1407
16054,Morelos,0
16055,Múgica,22
16056,Nahuatzen,5
16057,Nocupétaro,18
16058,Nuevo Parangaricutiro,0
16059,Nuevo Urecho,0
16060,Numarán,0
16061,Ocampo,0
16062,Pajacuarán,6
16063,Panindícuaro,8
16064,Parácuaro,0
16065,Paracho,36
16066,Pátzcuaro,154
16067,Penjamillo,4
16068,Peribán,0
16069,La Piedad,189
16070,Purépero,24
16071,Puruándiro,125
16072,Queréndaro,13
16073,Quiroga,24
16074,Cojumatlán de Régules,0
16075,Los Reyes,92
16076,Sahuayo,101
16077,San Lucas,0
16078,Santa Ana Maya,0
16079,Salvador Escalante,2
16080,Senguio,0
16081,Susupuato,0
16082,Tacámbaro,73
16083,Tancítaro,0
16084,Tangamandapio,16
16085,Tangancícuaro,18
16086,Tanhuato,3
16087,Taretan,0
16088,Tarímbaro,27
16089,Tepalcatepec,0
16090,Tingambato,0
16091,Tingüindín,0
16092,Tiquicheo de Nicolás Romero,0
16093,Tlalpujahua,0
16094,Tlazazalca,3
16095,Tocumbo,0
16096,Tumbiscatío,0
16097,Turicato,0
16098,Tuxpan,49
16099,Tuzantla,23
16100,Tzintzuntzan,0
16101,Tzitzio,0
16102,Uruapan,420
16103,Venustiano Carranza,4
16104,Villamar,30
16105,Vista Hermosa,5
16106,Yurécuaro,17
16107,Zacapu,212
16108,Zamora,347
16109,Zináparo,0
16110,Zinapécuaro,18
16111,Ziracuaretiro,0
16112,Zitácuaro,179
16113,José Sixto Verduzco,4
17001,Amacuzac,0
17002,Atlatlahucan,0
17003,Axochiapan,158
17004,Ayala,3
17005,Coatlán del Río,0
17006,Cuautla,372
17007,Cuernavaca,642
17008,Emiliano Zapata,223
17009,Huitzilac,0
17010,Jantetelco,0
17011,Jiutepec,8
17012,Jojutla,106
17013,Jonacatepec,27
17014,Mazatepec,0
17015,Miacatlán,0
17016,Ocuituco,25
17017,Puente de Ixtla,27
17018,Temixco,62
17019,Tepalcingo,3
17020,Tepoztlán,0
17021,Tetecala,64
17022,Tetela del Volcán,5
17023,Tlalnepantla,0
17024,Tlaltizapán,0
17025,Tlaquiltenango,0
17026,Tlayacapan,0
17027,Totolapan,0
17028,Xochitepec,0
17029,Yautepec,108
17030,Yecapixtla,19
17031,Zacatepec,50
17032,Zacualpan,0
17033,Temoac,0
18001,Acaponeta,45
18002,Ahuacatlán,0
18003,Amatlán de Cañas,0
18004,Compostela,68
18005,Huajicori,0
18006,Ixtlán del Río,61
18007,Jala,0
18008,Xalisco,0
18009,Del Nayar,31
18010,Rosamorada,63
18011,Ruíz,0
18012,San Blas,15
18013,San Pedro Lagunillas,0
18014,Santa María del Oro,0
18015,Santiago Ixcuintla,73
18016,Tecuala,39
18017,Tepic,929
18018,Tuxpan,43
18019,La Yesca,18
18020,Bahía de Banderas,122
19001,Abasolo,0
19002,Agualeguas,0
19003,Los Aldamas,0
19004,Allende,0
19005,Anáhuac,0
19006,Apodaca,164
19007,Aramberri,0
19008,Bustamante,0
19009,Cadereyta Jiménez,60
19010,Carmen,0
19011,Cerralvo,40
19012,Ciénega de Flores,0
19013,China,11
19014,Dr. Arroyo,77
19015,Dr. Coss,0
19016,Dr. González,0
19017,Galeana,41
19018,García,10
19019,San Pedro Garza García,148
19020,Gral. Bravo,0
19021,Gral. Escobedo,41
19022,Gral. Terán,0
19023,Gral. Treviño,0
19024,Gral. Zaragoza,0
19025,Gral. Zuazua,0
19026,Guadalupe,773
19027,Los Herreras,0
19028,Higueras,0
19029,Hualahuises,0
19030,Iturbide,0
19031,Juárez,9
19032,Lampazos de Naranjo,0
19033,Linares,75
19034,Marín,0
19035,Melchor Ocampo,0
19036,Mier y Noriega,0
19037,Mina,0
19038,Montemorelos,236
19039,Monterrey,3968
19040,Parás,0
19041,Pesquería,0
19042,Los Ramones,0
19043,Rayones,0
19044,Sabinas Hidalgo,59
19045,Salinas Victoria,0
19046,San Nicolás de los Garza,592
19047,Hidalgo,0
19048,Santa Catarina,4
19049,Santiago,0
19050,Vallecillo,0
19051,Villaldama,0
20001,Abejones,0
20002,Acatlán de Pérez Figueroa,0
20003,Asunción Cacalotepec,0
20004,Asunción Cuyotepeji,0
20005,Asunción Ixtaltepec,0
20006,Asunción Nochixtlán,27
20007,Asunción Ocotlán,0
20008,Asunción Tlacolulita,0
20009,Ayotzintepec,0
20010,El Barrio de la Soledad,0
20011,Calihualá,0
20012,Candelaria Loxicha,0
20013,Ciénega de Zimatlán,0
20014,Ciudad Ixtepec,69
20015,Coatecas Altas,0
20016,Coicoyán de las Flores,0
20017,La Compañía,0
20018,Concepción Buenavista,0
20019,Concepción Pápalo,0
20020,Constancia del Rosario,0
20021,Cosolapa,18
20022,Cosoltepec,0
20023,Cuilápam de Guerrero,0
20024,Cuyamecalco Villa de Zaragoza,0
20025,Chahuites,0
20026,Chalcatongo de Hidalgo,26
20027,Chiquihuitlán de Benito Juárez,0
20028,Heroica Ciudad de Ejutla de Crespo,0
20029,Eloxochitlán de Flores Magón,0
20030,El Espinal,0
20031,Tamazulápam del Espíritu Santo,19
20032,Fresnillo de Trujano,0
20033,Guadalupe Etla,0
20034,Guadalupe de Ramírez,0
20035,Guelatao de Juárez,0
20036,Guevea de Humboldt,0
20037,Mesones Hidalgo,0
20038,Villa Hidalgo,0
20039,Heroica Ciudad de Huajuapan de León,79
20040,Huautepec,0
20041,Huautla de Jiménez,24
20042,Ixtlán de Juárez,20
20043,Heroica Ciudad de Juchitán de Zaragoza,120
20044,Loma Bonita,22
20045,Magdalena Apasco,0
20046,Magdalena Jaltepec,0
20047,Santa Magdalena Jicotlán,0
20048,Magdalena Mixtepec,0
20049,Magdalena Ocotlán,0
20050,Magdalena Peñasco,0
20051,Magdalena Teitipac,0
20052,Magdalena Tequisistlán,0
20053,Magdalena Tlacotepec,0
20054,Magdalena Zahuatlán,0
20055,Mariscala de Juárez,0
20056,Mártires de Tacubaya,0
20057,Matías Romero Avendaño,42
20058,Mazatlán Villa de Flores,0
20059,Miahuatlán de Porfirio Díaz,37
20060,Mixistlán de la Reforma,0
20061,Monjas,0
20062,Natividad,0
20063,Nazareno Etla,0
20064,Nejapa de Madero,22
20065,Ixpantepec Nieves,0
20066,Santiago Niltepec,0
20067,Oaxaca de Juárez,634
20068,Ocotlán de Morelos,0
20069,La Pe,0
20070,Pinotepa de Don Luis,0
20071,Pluma Hidalgo,0
20072,San José del Progreso,0
20073,Putla Villa de Guerrero,94
20074,Santa Catarina Quioquitani,0
20075,Reforma de Pineda,0
20076,La Reforma,0
20077,Reyes Etla,0
20078,Rojas de Cuauhtémoc,0
20079,Salina Cruz,210
20080,San Agustín Amatengo,0
20081,San Agustín Atenango,0
20082,San Agustín Chayuco,0
20083,San Agustín de las Juntas,12
20084,San Agustín Etla,0
20085,San Agustín Loxicha,0
20086,San Agustín Tlacotepec,0
20087,San Agustín Yatareni,0
20088,San Andrés Cabecera Nueva,0
20089,San Andrés Dinicuiti,0
20090,San Andrés Huaxpaltepec,0
20091,San Andrés Huayápam,0
20092,San Andrés Ixtlahuaca,0
20093,San Andrés Lagunas,0
20094,San Andrés Nuxiño,0
20095,San Andrés Paxtlán,0
20096,San Andrés Sinaxtla,0
20097,San Andrés Solaga,0
20098,San Andrés Teotilálpam,0
20099,San Andrés Tepetlapa,0
20100,San Andrés Yaá,0
20101,San Andrés Zabache,0
20102,San Andrés Zautla,0
20103,San Antonino Castillo Velasco,0
20104,San Antonino el Alto,0
20105,San Antonino Monte Verde,0
20106,San Antonio Acutla,0
20107,San Antonio de la Cal,0
20108,San Antonio Huitepec,0
20109,San Antonio Nanahuatípam,0
20110,San Antonio Sinicahua,0
20111,San Antonio Tepetlapa,0
20112,San Baltazar Chichicápam,0
20113,San Baltazar Loxicha,0
20114,San Baltazar Yatzachi el Bajo,0
20115,San Bartolo Coyotepec,428
20116,San Bartolomé Ayautla,0
20117,San Bartolomé Loxicha,0
20118,San Bartolomé Quialana,0
20119,San Bartolomé Yucuañe,0
20120,San Bartolomé Zoogocho,0
20121,San Bartolo Soyaltepec,0
20122,San Bartolo Yautepec,0
20123,San Bernardo Mixtepec,0
20124,San Blas Atempa,0
20125,San Carlos Yautepec,0
20126,San Cristóbal Amatlán,0
20127,San Cristóbal Amoltepec,0
20128,San Cristóbal Lachirioag,0
20129,San Cristóbal Suchixtlahuaca,0
20130,San Dionisio del Mar,0
20131,San Dionisio Ocotepec,0
20132,San Dionisio Ocotlán,0
20133,San Esteban Atatlahuca,0
20134,San Felipe Jalapa de Díaz,0
20135,San Felipe Tejalápam,0
20136,San Felipe Usila,0
20137,San Francisco Cahuacuá,0
20138,San Francisco Cajonos,0
20139,San Francisco Chapulapa,0
20140,San Francisco Chindúa,0
20141,San Francisco del Mar,0
20142,San Francisco Huehuetlán,0
20143,San Francisco Ixhuatán,0
20144,San Francisco Jaltepetongo,0
20145,San Francisco Lachigoló,0
20146,San Francisco Logueche,0
20147,San Francisco Nuxaño,0
20148,San Francisco Ozolotepec,0
20149,San Francisco Sola,0
20150,San Francisco Telixtlahuaca,4
20151,San Francisco Teopan,0
20152,San Francisco Tlapancingo,0
20153,San Gabriel Mixtepec,0
20154,San Ildefonso Amatlán,0
20155,San Ildefonso Sola,0
20156,San Ildefonso Villa Alta,13
20157,San Jacinto Amilpas,0
20158,San Jacinto Tlacotepec,18
20159,San Jerónimo Coatlán,0
20160,San Jerónimo Silacayoapilla,0
20161,San Jerónimo Sosola,0
20162,San Jerónimo Taviche,0
20163,San Jerónimo Tecóatl,0
20164,San Jorge Nuchita,57
20165,San José Ayuquila,0
20166,San José Chiltepec,0
20167,San José del Peñasco,0
20168,San José Estancia Grande,0
20169,San José Independencia,0
20170,San José Lachiguiri,0
20171,San José Tenango,0
20172,San Juan Achiutla,0
20173,San Juan Atepec,0
20174,Ánimas Trujano,0
20175,San Juan Bautista Atatlahuca,0
20176,San Juan Bautista Coixtlahuaca,0
20177,San Juan Bautista Cuicatlán,52
20178,San Juan Bautista Guelache,0
20179,San Juan Bautista Jayacatlán,0
20180,San Juan Bautista Lo de Soto,0
20181,San Juan Bautista Suchitepec,0
20182,San Juan Bautista Tlacoatzintepec,0
20183,San Juan Bautista Tlachichilco,0
20184,San Juan Bautista Tuxtepec,94
20185,San Juan Cacahuatepec,0
20186,San Juan Cieneguilla,0
20187,San Juan Coatzóspam,0
20188,San Juan Colorado,0
20189,San Juan Comaltepec,0
20190,San Juan Cotzocón,36
20191,San Juan Chicomezúchil,0
20192,San Juan Chilateca,0
20193,San Juan del Estado,0
20194,San Juan del Río,0
20195,San Juan Diuxi,0
20196,San Juan Evangelista Analco,0
20197,San Juan Guelavía,0
20198,San Juan Guichicovi,0
20199,San Juan Ihualtepec,0
20200,San Juan Juquila Mixes,0
20201,San Juan Juquila Vijanos,0
20202,San Juan Lachao,0
20203,San Juan Lachigalla,0
20204,San Juan Lajarcia,0
20205,San Juan Lalana,0
20206,San Juan de los Cués,0
20207,San Juan Mazatlán,0
20208,San Juan Mixtepec -Dto. 08 -,0
20209,San Juan Mixtepec -Dto. 26 -,0
20210,San Juan Ñumí,0
20211,San Juan Ozolotepec,0
20212,San Juan Petlapa,0
20213,San Juan Quiahije,0
20214,San Juan Quiotepec,0
20215,San Juan Sayultepec,0
20216,San Juan Tabaá,0
20217,San Juan Tamazola,0
20218,San Juan Teita,0
20219,San Juan Teitipac,0
20220,San Juan Tepeuxila,0
20221,San Juan Teposcolula,0
20222,San Juan Yaeé,0
20223,San Juan Yatzona,0
20224,San Juan Yucuita,0
20225,San Lorenzo,0
20226,San Lorenzo Albarradas,0
20227,San Lorenzo Cacaotepec,0
20228,San Lorenzo Cuaunecuiltitla,0
20229,San Lorenzo Texmelúcan,0
20230,San Lorenzo Victoria,0
20231,San Lucas Camotlán,0
20232,San Lucas Ojitlán,0
20233,San Lucas Quiaviní,0
20234,San Lucas Zoquiápam,0
20235,San Luis Amatlán,0
20236,San Marcial Ozolotepec,0
20237,San Marcos Arteaga,0
20238,San Martín de los Cansecos,0
20239,San Martín Huamelúlpam,0
20240,San Martín Itunyoso,0
20241,San Martín Lachilá,0
20242,San Martín Peras,0
20243,San Martín Tilcajete,0
20244,San Martín Toxpalan,0
20245,San Martín Zacatepec,0
20246,San Mateo Cajonos,0
20247,Capulálpam de Méndez,0
20248,San Mateo del Mar,0
20249,San Mateo Yoloxochitlán,0
20250,San Mateo Etlatongo,0
20251,San Mateo Nejápam,0
20252,San Mateo Peñasco,0
20253,San Mateo Piñas,0
20254,San Mateo Río Hondo,0
20255,San Mateo Sindihui,0
20256,San Mateo Tlapiltepec,0
20257,San Melchor Betaza,0
20258,San Miguel Achiutla,0
20259,San Miguel Ahuehuetitlán,0
20260,San Miguel Aloápam,0
20261,San Miguel Amatitlán,0
20262,San Miguel Amatlán,0
20263,San Miguel Coatlán,0
20264,San Miguel Chicahua,0
20265,San Miguel Chimalapa,0
20266,San Miguel del Puerto,0
20267,San Miguel del Río,0
20268,San Miguel Ejutla,0
20269,San Miguel el Grande,0
20270,San Miguel Huautla,0
20271,San Miguel Mixtepec,0
20272,San Miguel Panixtlahuaca,0
20273,San Miguel Peras,0
20274,San Miguel Piedras,0
20275,San Miguel Quetzaltepec,0
20276,San Miguel Santa Flor,0
20277,Villa Sola de Vega,28
20278,San Miguel Soyaltepec,21
20279,San Miguel Suchixtepec,0
20280,Villa Talea de Castro,0
20281,San Miguel Tecomatlán,0
20282,San Miguel Tenango,0
20283,San Miguel Tequixtepec,0
20284,San Miguel Tilquiápam,0
20285,San Miguel Tlacamama,0
20286,San Miguel Tlacotepec,0
20287,San Miguel Tulancingo,0
20288,San Miguel Yotao,0
20289,San Nicolás,0
20290,San Nicolás Hidalgo,0
20291,San Pablo Coatlán,0
20292,San Pablo Cuatro Venados,0
20293,San Pablo Etla,0
20294,San Pablo Huitzo,0
20295,San Pablo Huixtepec,38
20296,San Pablo Macuiltianguis,0
20297,San Pablo Tijaltepec,0
20298,San Pablo Villa de Mitla,0
20299,San Pablo Yaganiza,0
20300,San Pedro Amuzgos,0
20301,San Pedro Apóstol,0
20302,San Pedro Atoyac,0
20303,San Pedro Cajonos,0
20304,San Pedro Coxcaltepec Cántaros,0
20305,San Pedro Comitancillo,0
20306,San Pedro el Alto,0
20307,San Pedro Huamelula,30
20308,San Pedro Huilotepec,0
20309,San Pedro Ixcatlán,0
20310,San Pedro Ixtlahuaca,0
20311,San Pedro Jaltepetongo,0
20312,San Pedro Jicayán,0
20313,San Pedro Jocotipac,0
20314,San Pedro Juchatengo,0
20315,San Pedro Mártir,0
20316,San Pedro Mártir Quiechapa,0
20317,San Pedro Mártir Yucuxaco,0
20318,San Pedro Mixtepec -Dto. 22 -,58
20319,San Pedro Mixtepec -Dto. 26 -,0
20320,San Pedro Molinos,0
20321,San Pedro Nopala,0
20322,San Pedro Ocopetatillo,0
20323,San Pedro Ocotepec,0
20324,San Pedro Pochutla,78
20325,San Pedro Quiatoni,0
20326,San Pedro Sochiápam,0
20327,San Pedro Tapanatepec,18
20328,San Pedro Taviche,0
20329,San Pedro Teozacoalco,0
20330,San Pedro Teutila,0
20331,San Pedro Tidaá,0
20332,San Pedro Topiltepec,0
20333,San Pedro Totolápam,0
20334,Villa de Tututepec de Melchor Ocampo,26
20335,San Pedro Yaneri,0
20336,San Pedro Yólox,0
20337,San Pedro y San Pablo Ayutla,0
20338,Villa de Etla,0
20339,San Pedro y San Pablo Teposcolula,0
20340,San Pedro y San Pablo Tequixtepec,0
20341,San Pedro Yucunama,0
20342,San Raymundo Jalpan,0
20343,San Sebastián Abasolo,0
20344,San Sebastián Coatlán,0
20345,San Sebastián Ixcapa,0
20346,San Sebastián Nicananduta,0
20347,San Sebastián Río Hondo,0
20348,San Sebastián Tecomaxtlahuaca,0
20349,San Sebastián Teitipac,0
20350,San Sebastián Tutla,0
20351,San Simón Almolongas,0
20352,San Simón Zahuatlán,0
20353,Santa Ana,0
20354,Santa Ana Ateixtlahuaca,0
20355,Santa Ana Cuauhtémoc,0
20356,Santa Ana del Valle,0
20357,Santa Ana Tavela,0
20358,Santa Ana Tlapacoyan,0
20359,Santa Ana Yareni,0
20360,Santa Ana Zegache,0
20361,Santa Catalina Quierí,0
20362,Santa Catarina Cuixtla,0
20363,Santa Catarina Ixtepeji,0
20364,Santa Catarina Juquila,19
20365,Santa Catarina Lachatao,0
20366,Santa Catarina Loxicha,0
20367,Santa Catarina Mechoacán,0
20368,Santa Catarina Minas,0
20369,Santa Catarina Quiané,0
20370,Santa Catarina Tayata,0
20371,Santa Catarina Ticuá,0
20372,Santa Catarina Yosonotú,0
20373,Santa Catarina Zapoquila,0
20374,Santa Cruz Acatepec,0
20375,Santa Cruz Amilpas,0
20376,Santa Cruz de Bravo,0
20377,Santa Cruz Itundujia,0
20378,Santa Cruz Mixtepec,0
20379,Santa Cruz Nundaco,0
20380,Santa Cruz Papalutla,0
20381,Santa Cruz Tacache de Mina,0
20382,Santa Cruz Tacahua,0
20383,Santa Cruz Tayata,0
20384,Santa Cruz Xitla,0
20385,Santa Cruz Xoxocotlán,2
20386,Santa Cruz Zenzontepec,0
20387,Santa Gertrudis,0
20388,Santa Inés del Monte,0
20389,Santa Inés Yatzeche,0
20390,Santa Lucía del Camino,4
20391,Santa Lucía Miahuatlán,0
20392,Santa Lucía Monteverde,0
20393,Santa Lucía Ocotlán,0
20394,Santa María Alotepec,0
20395,Santa María Apazco,0
20396,Santa María la Asunción,0
20397,Heroica Ciudad de Tlaxiaco,33
20398,Ayoquezco de Aldama,0
20399,Santa María Atzompa,0
20400,Santa María Camotlán,0
20401,Santa María Colotepec,0
20402,Santa María Cortijo,0
20403,Santa María Coyotepec,0
20404,Santa María Chachoápam,0
20405,Villa de Chilapa de Díaz,0
20406,Santa María Chilchotla,0
20407,Santa María Chimalapa,0
20408,Santa María del Rosario,0
20409,Santa María del Tule,0
20410,Santa María Ecatepec,0
20411,Santa María Guelacé,0
20412,Santa María Guienagati,0
20413,Santa María Huatulco,83
20414,Santa María Huazolotitlán,0
20415,Santa María Ipalapa,0
20416,Santa María Ixcatlán,0
20417,Santa María Jacatepec,0
20418,Santa María Jalapa del Marqués,0
20419,Santa María Jaltianguis,0
20420,Santa María Lachixío,0
20421,Santa María Mixtequilla,0
20422,Santa María Nativitas,0
20423,Santa María Nduayaco,0
20424,Santa María Ozolotepec,0
20425,Santa María Pápalo,0
20426,Santa María Peñoles,0
20427,Santa María Petapa,0
20428,Santa María Quiegolani,0
20429,Santa María Sola,0
20430,Santa María Tataltepec,0
20431,Santa María Tecomavaca,0
20432,Santa María Temaxcalapa,0
20433,Santa María Temaxcaltepec,0
20434,Santa María Teopoxco,0
20435,Santa María Tepantlali,0
20436,Santa María Texcatitlán,0
20437,Santa María Tlahuitoltepec,0
20438,Santa María Tlalixtac,0
20439,Santa María Tonameca,0
20440,Santa María Totolapilla,0
20441,Santa María Xadani,0
20442,Santa María Yalina,0
20443,Santa María Yavesía,0
20444,Santa María Yolotepec,0
20445,Santa María Yosoyúa,0
20446,Santa María Yucuhiti,0
20447,Santa María Zacatepec,0
20448,Santa María Zaniza,0
20449,Santa María Zoquitlán,0
20450,Santiago Amoltepec,0
20451,Santiago Apoala,0
20452,Santiago Apóstol,0
20453,Santiago Astata,0
20454,Santiago Atitlán,0
20455,Santiago Ayuquililla,0
20456,Santiago Cacaloxtepec,0
20457,Santiago Camotlán,0
20458,Santiago Comaltepec,0
20459,Santiago Chazumba,0
20460,Santiago Choápam,0
20461,Santiago del Río,0
20462,Santiago Huajolotitlán,0
20463,Santiago Huauclilla,0
20464,Santiago Ihuitlán Plumas,0
20465,Santiago Ixcuintepec,0
20466,Santiago Ixtayutla,0
20467,Santiago Jamiltepec,34
20468,Santiago Jocotepec,0
20469,Santiago Juxtlahuaca,20
20470,Santiago Lachiguiri,0
20471,Santiago Lalopa,0
20472,Santiago Laollaga,0
20473,Santiago Laxopa,0
20474,Santiago Llano Grande,0
20475,Santiago Matatlán,0
20476,Santiago Miltepec,0
20477,Santiago Minas,0
20478,Santiago Nacaltepec,0
20479,Santiago Nejapilla,0
20480,Santiago Nundiche,0
20481,Santiago Nuyoó,0
20482,Santiago Pinotepa Nacional,82
20483,Santiago Suchilquitongo,0
20484,Santiago Tamazola,19
20485,Santiago Tapextla,0
20486,Villa Tejúpam de la Unión,0
20487,Santiago Tenango,0
20488,Santiago Tepetlapa,0
20489,Santiago Tetepec,0
20490,Santiago Texcalcingo,0
20491,Santiago Textitlán,0
20492,Santiago Tilantongo,0
20493,Santiago Tillo,0
20494,Santiago Tlazoyaltepec,0
20495,Santiago Xanica,0
20496,Santiago Xiacuí,0
20497,Santiago Yaitepec,0
20498,Santiago Yaveo,0
20499,Santiago Yolomécatl,0
20500,Santiago Yosondúa,0
20501,Santiago Yucuyachi,0
20502,Santiago Zacatepec,0
20503,Santiago Zoochila,0
20504,Nuevo Zoquiápam,0
20505,Santo Domingo Ingenio,0
20506,Santo Domingo Albarradas,0
20507,Santo Domingo Armenta,0
20508,Santo Domingo Chihuitán,0
20509,Santo Domingo de Morelos,0
20510,Santo Domingo Ixcatlán,0
20511,Santo Domingo Nuxaá,0
20512,Santo Domingo Ozolotepec,0
20513,Santo Domingo Petapa,0
20514,Santo Domingo Roayaga,0
20515,Santo Domingo Tehuantepec,97
20516,Santo Domingo Teojomulco,23
20517,Santo Domingo Tepuxtepec,0
20518,Santo Domingo Tlatayápam,0
20519,Santo Domingo Tomaltepec,0
20520,Santo Domingo Tonalá,0
20521,Santo Domingo Tonaltepec,0
20522,Santo Domingo Xagacía,0
20523,Santo Domingo Yanhuitlán,0
20524,Santo Domingo Yodohino,0
20525,Santo Domingo Zanatepec,0
20526,Santos Reyes Nopala,24
20527,Santos Reyes Pápalo,0
20528,Santos Reyes Tepejillo,0
20529,Santos Reyes Yucuná,0
20530,Santo Tomás Jalieza,0
20531,Santo Tomás Mazaltepec,0
20532,Santo Tomás Ocotepec,0
20533,Santo Tomás Tamazulapan,0
20534,San Vicente Coatlán,0
20535,San Vicente Lachixío,0
20536,San Vicente Nuñú,0
20537,Silacayoápam,0
20538,Sitio de Xitlapehua,0
20539,Soledad Etla,0
20540,Villa de Tamazulápam del Progreso,0
20541,Tanetze de Zaragoza,0
20542,Taniche,0
20543,Tataltepec de Valdés,0
20544,Teococuilco de Marcos Pérez,0
20545,Teotitlán de Flores Magón,26
20546,Teotitlán del Valle,0
20547,Teotongo,0
20548,Tepelmeme Villa de Morelos,0
20549,Tezoatlán de Segura y Luna,0
20550,San Jerónimo Tlacochahuaya,0
20551,Tlacolula de Matamoros,40
20552,Tlacotepec Plumas,0
20553,Tlalixtac de Cabrera,0
20554,Totontepec Villa de Morelos,0
20555,Trinidad Zaachila,0
20556,La Trinidad Vista Hermosa,0
20557,Unión Hidalgo,0
20558,Valerio Trujano,0
20559,San Juan Bautista Valle Nacional,22
20560,Villa Díaz Ordaz,0
20561,Yaxe,0
20562,Magdalena Yodocono de Porfirio Díaz,0
20563,Yogana,0
20564,Yutanduchi de Guerrero,0
20565,Villa de Zaachila,4
20566,San Mateo Yucutindó,0
20567,Zapotitlán Lagunas,0
20568,Zapotitlán Palmas,0
20569,Santa Inés de Zaragoza,0
20570,Zimatlán de Álvarez,0
21001,Acajete,56
21002,Acateno,0
21003,Acatlán,166
21004,Acatzingo,132
21005,Acteopan,0
21006,Ahuacatlán,28
21007,Ahuatlán,0
21008,Ahuazotepec,0
21009,Ahuehuetitla,0
21010,Ajalpan,25
21011,Albino Zertuche,0
21012,Aljojuca,0
21013,Altepexi,10
21014,Amixtlán,0
21015,Amozoc,29
21016,Aquixtla,0
21017,Atempan,0
21018,Atexcal,0
21019,Atlixco,277
21020,Atoyatempan,5
21021,Atzala,0
21022,Atzitzihuacán,0
21023,Atzitzintla,0
21024,Axutla,0
21025,Ayotoxco de Guerrero,18
21026,Calpan,0
21027,Caltepec,0
21028,Camocuautla,0
21029,Caxhuacan,0
21030,Coatepec,0
21031,Coatzingo,0
21032,Cohetzala,0
21033,Cohuecan,0
21034,Coronango,0
21035,Coxcatlán,26
21036,Coyomeapan,0
21037,Coyotepec,0
21038,Cuapiaxtla de Madero,0
21039,Cuautempan,0
21040,Cuautinchán,0
21041,Cuautlancingo,0
21042,Cuayuca de Andrade,0
21043,Cuetzalan del Progreso,71
21044,Cuyoaco,24
21045,Chalchicomula de Sesma,60
21046,Chapulco,0
21047,Chiautla,11
21048,Chiautzingo,6
21049,Chiconcuautla,0
21050,Chichiquila,0
21051,Chietla,0
21052,Chigmecatitlán,0
21053,Chignahuapan,26
21054,Chignautla,0
21055,Chila,0
21056,Chila de la Sal,0
21057,Honey,0
21058,Chilchotla,0
21059,Chinantla,0
21060,Domingo Arenas,0
21061,Eloxochitlán,0
21062,Epatlán,0
21063,Esperanza,3
21064,Francisco Z. Mena,0
21065,General Felipe Ángeles,3
21066,Guadalupe,0
21067,Guadalupe Victoria,41
21068,Hermenegildo Galeana,0
21069,Huaquechula,4
21070,Huatlatlauca,0
21071,Huauchinango,136
21072,Huehuetla,24
21073,Huehuetlán el Chico,0
21074,Huejotzingo,108
21075,Hueyapan,0
21076,Hueytamalco,0
21077,Hueytlalpan,0
21078,Huitzilan de Serdán,0
21079,Huitziltepec,0
21080,Atlequizayan,0
21081,Ixcamilpa de Guerrero,0
21082,Ixcaquixtla,22
21083,Ixtacamaxtitlán,21
21084,Ixtepec,11
21085,Izúcar de Matamoros,179
21086,Jalpan,0
21087,Jolalpan,0
21088,Jonotla,0
21089,Jopala,0
21090,Juan C. Bonilla,0
21091,Juan Galindo,10
21092,Juan N. Méndez,0
21093,Lafragua,0
21094,Libres,55
21095,La Magdalena Tlatlauquitepec,0
21096,Mazapiltepec de Juárez,0
21097,Mixtla,0
21098,Molcaxac,4
21099,Cañada Morelos,0
21100,Naupan,0
21101,Nauzontla,0
21102,Nealtican,0
21103,Nicolás Bravo,8
21104,Nopalucan,0
21105,Ocotepec,0
21106,Ocoyucan,0
21107,Olintla,0
21108,Oriental,4
21109,Pahuatlán,37
21110,Palmar de Bravo,56
21111,Pantepec,18
21112,Petlalcingo,0
21113,Piaxtla,0
21114,Puebla,4109
21115,Quecholac,10
21116,Quimixtlán,20
21117,Rafael Lara Grajales,13
21118,Los Reyes de Juárez,16
21119,San Andrés Cholula,363
21120,San Antonio Cañada,0
21121,San Diego la Mesa Tochimiltzingo,0
21122,San Felipe Teotlalcingo,0
21123,San Felipe Tepatlán,0
21124,San Gabriel Chilac,0
21125,San Gregorio Atzompa,4
21126,San Jerónimo Tecuanipan,0
21127,San Jerónimo Xayacatlán,0
21128,San José Chiapa,28
21129,San José Miahuatlán,0
21130,San Juan Atenco,0
21131,San Juan Atzompa,0
21132,San Martín Texmelucan,194
21133,San Martín Totoltepec,0
21134,San Matías Tlalancaleca,0
21135,San Miguel Ixitlán,0
21136,San Miguel Xoxtla,0
21137,San Nicolás Buenos Aires,0
21138,San Nicolás de los Ranchos,0
21139,San Pablo Anicano,0
21140,San Pedro Cholula,92
21141,San Pedro Yeloixtlahuaca,0
21142,San Salvador el Seco,14
21143,San Salvador el Verde,0
21144,San Salvador Huixcolotla,8
21145,San Sebastián Tlacotepec,22
21146,Santa Catarina Tlaltempan,0
21147,Santa Inés Ahuatempan,0
21148,Santa Isabel Cholula,0
21149,Santiago Miahuatlán,0
21150,Huehuetlán el Grande,0
21151,Santo Tomás Hueyotlipan,0
21152,Soltepec,0
21153,Tecali de Herrera,0
21154,Tecamachalco,121
21155,Tecomatlán,37
21156,Tehuacán,503
21157,Tehuitzingo,0
21158,Tenampulco,0
21159,Teopantlán,0
21160,Teotlalco,0
21161,Tepanco de López,0
21162,Tepango de Rodríguez,0
21163,Tepatlaxco de Hidalgo,0
21164,Tepeaca,198
21165,Tepemaxalco,0
21166,Tepeojuma,4
21167,Tepetzintla,0
21168,Tepexco,0
21169,Tepexi de Rodríguez,12
21170,Tepeyahualco,0
21171,Tepeyahualco de Cuauhtémoc,0
21172,Tetela de Ocampo,42
21173,Teteles de Avila Castillo,0
21174,Teziutlán,309
21175,Tianguismanalco,5
21176,Tilapa,0
21177,Tlacotepec de Benito Juárez,43
21178,Tlacuilotepec,0
21179,Tlachichuca,10
21180,Tlahuapan,0
21181,Tlaltenango,0
21182,Tlanepantla,0
21183,Tlaola,18
21184,Tlapacoya,0
21185,Tlapanalá,0
21186,Tlatlauquitepec,78
21187,Tlaxco,0
21188,Tochimilco,10
21189,Tochtepec,0
21190,Totoltepec de Guerrero,0
21191,Tulcingo,18
21192,Tuzamapan de Galeana,0
21193,Tzicatlacoyan,0
21194,Venustiano Carranza,30
21195,Vicente Guerrero,21
21196,Xayacatlán de Bravo,0
21197,Xicotepec,131
21198,Xicotlán,0
21199,Xiutetelco,0
21200,Xochiapulco,0
21201,Xochiltepec,0
21202,Xochitlán de Vicente Suárez,0
21203,Xochitlán Todos Santos,0
21204,Yaonáhuac,0
21205,Yehualtepec,0
21206,Zacapala,21
21207,Zacapoaxtla,61
21208,Zacatlán,89
21209,Zapotitlán,0
21210,Zapotitlán de Méndez,18
21211,Zaragoza,10
21212,Zautla,0
21213,Zihuateutla,0
21214,Zinacatepec,14
21215,Zongozotla,0
21216,Zoquiapan,0
21217,Zoquitlán,20
22001,Amealco de Bonfil,15
22002,Pinal de Amoles,0
22003,Arroyo Seco,0
22004,Cadereyta de Montes,105
22005,Colón,0
22006,Corregidora,77
22007,Ezequiel Montes,12
22008,Huimilpan,0
22009,Jalpan de Serra,69
22010,Landa de Matamoros,0
22011,El Marqués,266
22012,Pedro Escobedo,4
22013,Peñamiller,0
22014,Querétaro,1611
22015,San Joaquín,0
22016,San Juan del Río,367
22017,Tequisquiapan,59
22018,Tolimán,0
23001,Cozumel,113
23002,Felipe Carrillo Puerto,70
23003,Isla Mujeres,54
23004,Othón P. Blanco,410
23005,Benito Juárez,829
23006,José María Morelos,20
23007,Lázaro Cárdenas,12
23008,Solidaridad,257
23009,Tulum,16
23010,Bacalar,27
24001,Ahualulco,0
24002,Alaquines,0
24003,Aquismón,20
24004,Armadillo de los Infante,0
24005,Cárdenas,0
24006,Catorce,0
24007,Cedral,0
24008,Cerritos,35
24009,Cerro de San Pedro,0
24010,Ciudad del Maíz,20
24011,Ciudad Fernández,0
24012,Tancanhuitz,0
24013,Ciudad Valles,375
24014,Coxcatlán,0
24015,Charcas,25
24016,Ebano,24
24017,Guadalcázar,0
24018,Huehuetlán,0
24019,Lagunillas,0
24020,Matehuala,166
24021,Mexquitic de Carmona,0
24022,Moctezuma,0
24023,Rayón,0
24024,Rioverde,92
24025,Salinas,19
24026,San Antonio,0
24027,San Ciro de Acosta,0
24028,San Luis Potosí,1640
24029,San Martín Chalchicuautla,0
24030,San Nicolás Tolentino,0
24031,Santa Catarina,0
24032,Santa María del Río,0
24033,Santo Domingo,0
24034,San Vicente Tancuayalab,0
24035,Soledad de Graciano Sánchez,235
24036,Tamasopo,0
24037,Tamazunchale,85
24038,Tampacán,0
24039,Tampamolón Corona,5
24040,Tamuín,19
24041,Tanlajás,0
24042,Tanquián de Escobedo,0
24043,Tierra Nueva,0
24044,Vanegas,0
24045,Venado,0
24046,Villa de Arriaga,0
24047,Villa de Guadalupe,0
24048,Villa de la Paz,0
24049,Villa de Ramos,36
24050,Villa de Reyes,0
24051,Villa Hidalgo,6
24052,Villa Juárez,0
24053,Axtla de Terrazas,44
24054,Xilitla,23
24055,Zaragoza,0
24056,Villa de Arista,17
24057,Matlapa,0
24058,El Naranjo,5
25001,Ahome,546
25002,Angostura,24
25003,Badiraguato,15
25004,Concordia,19
25005,Cosalá,19
25006,Culiacán,1520
25007,Choix,17
25008,Elota,37
25009,Escuinapa,86
25010,El Fuerte,31
25011,Guasave,243
25012,Mazatlán,947
25013,Mocorito,23
25014,Rosario,17
25015,Salvador Alvarado,110
25016,San Ignacio,18
25017,Sinaloa,17
25018,Navolato,54
26001,Aconchi,0
26002,Agua Prieta,115
26003,Alamos,40
26004,Altar,0
26005,Arivechi,0
26006,Arizpe,0
26007,Atil,0
26008,Bacadéhuachi,0
26009,Bacanora,0
26010,Bacerac,0
26011,Bacoachi,0
26012,Bácum,0
26013,Banámichi,0
26014,Baviácora,0
26015,Bavispe,0
26016,Benjamín Hill,0
26017,Caborca,135
26018,Cajeme,818
26019,Cananea,93
26020,Carbó,0
26021,La Colorada,0
26022,Cucurpe,0
26023,Cumpas,0
26024,Divisaderos,0
26025,Empalme,20
26026,Etchojoa,0
26027,Fronteras,0
26028,Granados,0
26029,Guaymas,215
26030,Hermosillo,1646
26031,Huachinera,0
26032,Huásabas,0
26033,Huatabampo,97
26034,Huépac,0
26035,Imuris,0
26036,Magdalena,87
26037,Mazatán,0
26038,Moctezuma,23
26039,Naco,0
26040,Nácori Chico,0
26041,Nacozari de García,18
26042,Navojoa,169
26043,Nogales,558
26044,Onavas,0
26045,Opodepe,0
26046,Oquitoa,0
26047,Pitiquito,0
26048,Puerto Peñasco,45
26049,Quiriego,0
26050,Rayón,0
26051,Rosario,0
26052,Sahuaripa,0
26053,San Felipe de Jesús,0
26054,San Javier,0
26055,San Luis Río Colorado,145
26056,San Miguel de Horcasitas,0
26057,San Pedro de la Cueva,0
26058,Santa Ana,6
26059,Santa Cruz,0
26060,Sáric,0
26061,Soyopa,0
26062,Suaqui Grande,0
26063,Tepache,0
26064,Trincheras,0
26065,Tubutama,0
26066,Ures,19
26067,Villa Hidalgo,0
26068,Villa Pesqueira,0
26069,Yécora,0
26070,General Plutarco Elías Calles,0
26071,Benito Juárez,0
26072,San Ignacio Río Muerto,0
27001,Balancán,47
27002,Cárdenas,169
27003,Centla,54
27004,Centro,1544
27005,Comalcalco,172
27006,Cunduacán,87
27007,Emiliano Zapata,62
27008,Huimanguillo,98
27009,Jalapa,17
27010,Jalpa de Méndez,21
27011,Jonuta,24
27012,Macuspana,106
27013,Nacajuca,17
27014,Paraíso,36
27015,Tacotalpa,27
27016,Teapa,52
27017,Tenosique,37
28001,Abasolo,17
28002,Aldama,18
28003,Altamira,67
28004,Antiguo Morelos,0
28005,Burgos,0
28006,Bustamante,0
28007,Camargo,21
28008,Casas,0
28009,Ciudad Madero,486
28010,Cruillas,0
28011,Gómez Farías,0
28012,González,0
28013,Güémez,0
28014,Guerrero,0
28015,Gustavo Díaz Ordaz,5
28016,Hidalgo,38
28017,Jaumave,0
28018,Jiménez,0
28019,Llera,0
28020,Mainero,0
28021,El Mante,238
28022,Matamoros,587
28023,Méndez,0
28024,Mier,0
28025,Miguel Alemán,78
28026,Miquihuana,0
28027,Nuevo Laredo,462
28028,Nuevo Morelos,0
28029,Ocampo,0
28030,Padilla,0
28031,Palmillas,0
28032,Reynosa,1060
28033,Río Bravo,110
28034,San Carlos,10
28035,San Fernando,69
28036,San Nicolás,0
28037,Soto la Marina,25
28038,Tampico,979
28039,Tula,20
28040,Valle Hermoso,90
28041,Victoria,819
28042,Villagrán,0
28043,Xicoténcatl,0
29001,Amaxac de Guerrero,0
29002,Apetatitlán de Antonio Carvajal,189
29003,Atlangatepec,0
29004,Atltzayanca,0
29005,Apizaco,112
29006,Calpulalpan,91
29007,El Carmen Tequexquitla,20
29008,Cuapiaxtla,0
29009,Cuaxomulco,0
29010,Chiautempan,48
29011,Muñoz de Domingo Arenas,0
29012,Españita,0
29013,Huamantla,160
29014,Hueyotlipan,0
29015,Ixtacuixtla de Mariano Matamoros,3
29016,Ixtenco,0
29017,Mazatecochco de José María Morelos,0
29018,Contla de Juan Cuamatzi,22
29019,Tepetitla de Lardizábal,0
29020,Sanctórum de Lázaro Cárdenas,0
29021,Nanacamilpa de Mariano Arista,0
29022,Acuamanala de Miguel Hidalgo,0
29023,Natívitas,53
29024,Panotla,0
29025,San Pablo del Monte,79
29026,Santa Cruz Tlaxcala,0
29027,Tenancingo,4
29028,Teolocholco,6
29029,Tepeyanco,0
29030,Terrenate,0
29031,Tetla de la Solidaridad,0
29032,Tetlatlahuca,3
29033,Tlaxcala,430
29034,Tlaxco,22
29035,Tocatlán,0
29036,Totolac,0
29037,Ziltlaltépec de Trinidad Sánchez Santos,0
29038,Tzompantepec,142
29039,Xaloztoc,20
29040,Xaltocan,0
29041,Papalotla de Xicohténcatl,6
29042,Xicohtzinco,18
29043,Yauhquemehcan,3
29044,Zacatelco,50
29045,Benito Juárez,0
29046,Emiliano Zapata,0
29047,Lázaro Cárdenas,0
29048,La Magdalena Tlaltelulco,0
29049,San Damián Texóloc,0
29050,San Francisco Tetlanohcan,13
29051,San Jerónimo Zacualpan,0
29052,San José Teacalco,0
29053,San Juan Huactzinco,0
29054,San Lorenzo Axocomanitla,0
29055,San Lucas Tecopilco,0
29056,Santa Ana Nopalucan,0
29057,Santa Apolonia Teacalco,0
29058,Santa Catarina Ayometla,4
29059,Santa Cruz Quilehtla,0
29060,Santa Isabel Xiloxoxtla,4
30001,Acajete,0
30002,Acatlán,0
30003,Acayucan,60
30004,Actopan,0
30005,Acula,0
30006,Acultzingo,0
30007,Camarón de Tejeda,0
30008,Alpatláhuac,0
30009,Alto Lucero de Gutiérrez Barrios,0
30010,Altotonga,62
30011,Alvarado,29
30012,Amatitlán,0
30013,Naranjos Amatlán,26
30014,Amatlán de los Reyes,0
30015,Angel R. Cabada,0
30016,La Antigua,91
30017,Apazapan,0
30018,Aquila,0
30019,Astacinga,0
30020,Atlahuilco,0
30021,Atoyac,16
30022,Atzacan,0
30023,Atzalan,11
30024,Tlaltetela,0
30025,Ayahualulco,0
30026,Banderilla,0
30027,Benito Juárez,0
30028,Boca del Río,175
30029,Calcahualco,0
30030,Camerino Z. Mendoza,6
30031,Carrillo Puerto,0
30032,Catemaco,31
30033,Cazones de Herrera,0
30034,Cerro Azul,29
30035,Citlaltépetl,0
30036,Coacoatzintla,0
30037,Coahuitlán,0
30038,Coatepec,37
30039,Coatzacoalcos,369
30040,Coatzintla,0
30041,Coetzala,0
30042,Colipa,0
30043,Comapa,0
30044,Córdoba,274
30045,Cosamaloapan de Carpio,111
30046,Cosautlán de Carvajal,0
30047,Coscomatepec,42
30048,Cosoleacaque,25
30049,Cotaxtla,0
30050,Coxquihui,0
30051,Coyutla,0
30052,Cuichapa,0
30053,Cuitláhuac,0
30054,Chacaltianguis,0
30055,Chalma,0
30056,Chiconamel,0
30057,Chiconquiaco,0
30058,Chicontepec,37
30059,Chinameca,0
30060,Chinampa de Gorostiza,0
30061,Las Choapas,44
30062,Chocamán,0
30063,Chontla,0
30064,Chumatlán,0
30065,Emiliano Zapata,0
30066,Espinal,29
30067,Filomeno Mata,0
30068,Fortín,0
30069,Gutiérrez Zamora,32
30070,Hidalgotitlán,0
30071,Huatusco,42
30072,Huayacocotla,15
30073,Hueyapan de Ocampo,0
30074,Huiloapan de Cuauhtémoc,0
30075,Ignacio de la Llave,0
30076,Ilamatlán,0
30077,Isla,64
30078,Ixcatepec,0
30079,Ixhuacán de los Reyes,0
30080,Ixhuatlán del Café,0
30081,Ixhuatlancillo,0
30082,Ixhuatlán del Sureste,36
30083,Ixhuatlán de Madero,25
30084,Ixmatlahuacan,0
30085,Ixtaczoquitlán,0
30086,Jalacingo,13
30087,Xalapa,1046
30088,Jalcomulco,0
30089,Jáltipan,12
30090,Jamapa,0
30091,Jesús Carranza,23
30092,Xico,0
30093,Jilotepec,0
30094,Juan Rodríguez Clara,0
30095,Juchique de Ferrer,0
30096,Landero y Coss,0
30097,Lerdo de Tejada,53
30098,Magdalena,0
30099,Maltrata,0
30100,Manlio Fabio Altamirano,0
30101,Mariano Escobedo,0
30102,Martínez de la Torre,168
30103,Mecatlán,0
30104,Mecayapan,22
30105,Medellín,0
30106,Miahuatlán,0
30107,Las Minas,0
30108,Minatitlán,226
30109,Misantla,46
30110,Mixtla de Altamirano,0
30111,Moloacán,0
30112,Naolinco,35
30113,Naranjal,0
30114,Nautla,0
30115,Nogales,0
30116,Oluta,91
30117,Omealca,5
30118,Orizaba,434
30119,Otatitlán,0
30120,Oteapan,0
30121,Ozuluama de Mascareñas,33
30122,Pajapan,0
30123,Pánuco,63
30124,Papantla,51
30125,Paso del Macho,0
30126,Paso de Ovejas,10
30127,La Perla,0
30128,Perote,39
30129,Platón Sánchez,0
30130,Playa Vicente,26
30131,Poza Rica de Hidalgo,446
30132,Las Vigas de Ramírez,0
30133,Pueblo Viejo,0
30134,Puente Nacional,0
30135,Rafael Delgado,0
30136,Rafael Lucio,0
30137,Los Reyes,0
30138,Río Blanco,170
30139,Saltabarranca,0
30140,San Andrés Tenejapan,0
30141,San Andrés Tuxtla,111
30142,San Juan Evangelista,0
30143,Santiago Tuxtla,64
30144,Sayula de Alemán,0
30145,Soconusco,0
30146,Sochiapa,0
30147,Soledad Atzompa,0
30148,Soledad de Doblado,0
30149,Soteapan,0
30150,Tamalín,0
30151,Tamiahua,0
30152,Tampico Alto,0
30153,Tancoco,0
30154,Tantima,0
30155,Tantoyuca,42
30156,Tatatila,0
30157,Castillo de Teayo,0
30158,Tecolutla,0
30159,Tehuipango,0
30160,Álamo Temapache,50
30161,Tempoal,28
30162,Tenampa,0
30163,Tenochtitlán,0
30164,Teocelo,14
30165,Tepatlaxco,0
30166,Tepetlán,0
30167,Tepetzintla,0
30168,Tequila,0
30169,José Azueta,26
30170,Texcatepec,0
30171,Texhuacán,0
30172,Texistepec,0
30173,Tezonapa,24
30174,Tierra Blanca,75
30175,Tihuatlán,0
30176,Tlacojalpan,0
30177,Tlacolulan,0
30178,Tlacotalpan,16
30179,Tlacotepec de Mejía,0
30180,Tlachichilco,0
30181,Tlalixcoyan,33
30182,Tlalnelhuayocan,0
30183,Tlapacoyan,27
30184,Tlaquilpa,27
30185,Tlilapan,0
30186,Tomatlán,0
30187,Tonayán,0
30188,Totutla,0
30189,Tuxpan,245
30190,Tuxtilla,0
30191,Ursulo Galván,0
30192,Vega de Alatorre,0
30193,Veracruz,1542
30194,Villa Aldama,0
30195,Xoxocotla,0
30196,Yanga,0
30197,Yecuatla,0
30198,Zacualpan,0
30199,Zaragoza,0
30200,Zentla,0
30201,Zongolica,25
30202,Zontecomatlán de López y Fuentes,0
30203,Zozocolco de Hidalgo,0
30204,Agua Dulce,16
30205,El Higo,0
30206,Nanchital de Lázaro Cárdenas del Río,16
30207,Tres Valles,0
30208,Carlos A. Carrillo,0
30209,Tatahuicapan de Juárez,0
30210,Uxpanapa,26
30211,San Rafael,0
30212,Santiago Sochiapan,0
31001,Abalá,0
31002,Acanceh,30
31003,Akil,0
31004,Baca,0
31005,Bokobá,0
31006,Buctzotz,0
31007,Cacalchén,0
31008,Calotmul,0
31009,Cansahcab,0
31010,Cantamayec,0
31011,Celestún,0
31012,Cenotillo,0
31013,Conkal,0
31014,Cuncunul,0
31015,Cuzamá,0
31016,Chacsinkín,0
31017,Chankom,0
31018,Chapab,0
31019,Chemax,0
31020,Chicxulub Pueblo,0
31021,Chichimilá,0
31022,Chikindzonot,0
31023,Chocholá,0
31024,Chumayel,0
31025,Dzán,0
31026,Dzemul,0
31027,Dzidzantún,0
31028,Dzilam de Bravo,0
31029,Dzilam González,0
31030,Dzitás,6
31031,Dzoncauich,0
31032,Espita,0
31033,Halachó,0
31034,Hocabá,0
31035,Hoctún,0
31036,Homún,0
31037,Huhí,0
31038,Hunucmá,0
31039,Ixil,0
31040,Izamal,32
31041,Kanasín,46
31042,Kantunil,0
31043,Kaua,0
31044,Kinchil,0
31045,Kopomá,0
31046,Mama,0
31047,Maní,0
31048,Maxcanú,20
31049,Mayapán,0
31050,Mérida,2385
31051,Mocochá,0
31052,Motul,41
31053,Muna,0
31054,Muxupip,0
31055,Opichén,0
31056,Oxkutzcab,40
31057,Panabá,0
31058,Peto,25
31059,Progreso,20
31060,Quintana Roo,0
31061,Río Lagartos,0
31062,Sacalum,0
31063,Samahil,0
31064,Sanahcat,0
31065,San Felipe,0
31066,Santa Elena,0
31067,Seyé,0
31068,Sinanché,0
31069,Sotuta,0
31070,Sucilá,0
31071,Sudzal,0
31072,Suma,0
31073,Tahdziú,0
31074,Tahmek,0
31075,Teabo,0
31076,Tecoh,0
31077,Tekal de Venegas,0
31078,Tekantó,0
31079,Tekax,65
31080,Tekit,0
31081,Tekom,0
31082,Telchac Pueblo,0
31083,Telchac Puerto,0
31084,Temax,0
31085,Temozón,0
31086,Tepakán,0
31087,Tetiz,0
31088,Teya,0
31089,Ticul,17
31090,Timucuy,0
31091,Tinum,6
31092,Tixcacalcupul,0
31093,Tixkokob,0
31094,Tixmehuac,0
31095,Tixpéhual,0
31096,Tizimín,88
31097,Tunkás,0
31098,Tzucacab,0
31099,Uayma,0
31100,Ucú,0
31101,Umán,40
31102,Valladolid,142
31103,Xocchel,0
31104,Yaxcabá,0
31105,Yaxkukul,0
31106,Yobaín,0
32001,Apozol,0
32002,Apulco,0
32003,Atolinga,0
32004,Benito Juárez,0
32005,Calera,45
32006,Cañitas de Felipe Pescador,0
32007,Concepción del Oro,22
32008,Cuauhtémoc,0
32009,Chalchihuites,0
32010,Fresnillo,188
32011,Trinidad García de la Cadena,0
32012,Genaro Codina,0
32013,General Enrique Estrada,0
32014,General Francisco R. Murguía,0
32015,El Plateado de Joaquín Amaro,0
32016,General Pánfilo Natera,0
32017,Guadalupe,192
32018,Huanusco,0
32019,Jalpa,15
32020,Jerez,30
32021,Jiménez del Teul,0
32022,Juan Aldama,15
32023,Juchipila,15
32024,Loreto,30
32025,Luis Moya,0
32026,Mazapil,0
32027,Melchor Ocampo,0
32028,Mezquital del Oro,0
32029,Miguel Auza,0
32030,Momax,0
32031,Monte Escobedo,0
32032,Morelos,0
32033,Moyahua de Estrada,0
32034,Nochistlán de Mejía,15
32035,Noria de Ángeles,0
32036,Ojocaliente,15
32037,Pánuco,0
32038,Pinos,36
32039,Río Grande,31
32040,Sain Alto,0
32041,El Salvador,0
32042,Sombrerete,33
32043,Susticacán,0
32044,Tabasco,12
32045,Tepechitlán,0
32046,Tepetongo,0
32047,Teúl de González Ortega,0
32048,Tlaltenango de Sánchez Román,27
32049,Valparaíso,15
32050,Vetagrande,0
32051,Villa de Cos,15
32052,Villa García,0
32053,Villa González Ortega,0
32054,Villa Hidalgo,0
32055,Villanueva,22
32056,Zacatecas,337
32057,Trancoso,12
32058,Santa María de la Paz,0
